<?xml version="1.0" encoding="UTF-8"?>
<beans xmlns="http://www.springframework.org/schema/beans"
       xmlns:xsi="http://www.w3.org/2001/XMLSchema-instance"
       xmlns:context="http://www.springframework.org/schema/context"
       xmlns:aop="http://www.springframework.org/schema/aop" xmlns:tx="http://www.springframework.org/schema/tx"
       xsi:schemaLocation="http://www.springframework.org/schema/beans
        http://www.springframework.org/schema/beans/spring-beans.xsd http://www.springframework.org/schema/context http://www.springframework.org/schema/context/spring-context.xsd http://www.springframework.org/schema/aop http://www.springframework.org/schema/aop/spring-aop.xsd http://www.springframework.org/schema/tx http://www.springframework.org/schema/tx/spring-tx.xsd">

    <!--spring 的配置文件-->
    <!--数据源，事务控制，。。。-->
    <!--spring不需要扫描控制器-->
    <context:component-scan base-package="com.epoint.interview">
        <context:exclude-filter type="annotation"
                                expression="org.springframework.stereotype.Controller"></context:exclude-filter>
    </context:component-scan>
    <!--引入外部配置文件-->
    <context:property-placeholder location="classpath:jdbc.properties"/>

    <!--数据源-->
    <bean id="dataSource" class="com.alibaba.druid.pool.DruidDataSource">
        <property name="url" value="${jdbc.jdbcUrl}"></property>
        <property name="driverClassName" value="${jdbc.driverClass}"></property>
        <property name="username" value="${jdbc.user}"></property>
        <property name="password" value="${jdbc.password}"></property>
        <property name="initialSize" value="${jdbc.initialSize}"></property>
        <property name="maxActive" value="${jdbc.maxActive}"></property>
    </bean>
    <!--配置与mybatis整合-->
    <bean id="sqlSessionFactory" class="org.mybatis.spring.SqlSessionFactoryBean">
        <!--指定mybatis全局配置文件的位置-->
        <!-- <property name="configLocation" value="classpath:mybatis-config.xml"></property>-->
        <property name="dataSource" ref="dataSource"></property>
        <!--指定mybatis，mapper文件的位置-->
        <property name="mapperLocations" value="classpath:mapper/*Mapper.xml"></property>
        <!--设置别名-->
        <property name="typeAliasesPackage" value="com.epoint.interview.domain"/>
    </bean>

    <!--配置扫描器，将mybatis接口的实现加入到ioc容器中-->
    <bean class="org.mybatis.spring.mapper.MapperScannerConfigurer">
        <!--扫描所有的dao接口实现，加入到ioc容器中-->
        <property name="basePackage" value="com.epoint.interview.dao"></property>
    </bean>
    <!--配置一个可以进行批量处理的sqlSession-->
<!--本次使用不到   <bean id="sqlSession" class="org.mybatis.spring.SqlSessionTemplate">
        <constructor-arg name="sqlSessionFactory" ref="sqlSessionFactory"/>
        <constructor-arg name="executorType" value="SIMPLE"/>
    </bean>-->
    <!--事务控制-->
    <bean id="transactionManager" class="org.springframework.jdbc.datasource.DataSourceTransactionManager">
        <!--控制数据源-->
        <property name="dataSource" ref="dataSource"></property>
    </bean>
    <!--开启基于注解的事务-->
    <aop:config>
        <!--切入点表达式-->
        <aop:pointcut id="txPoint" expression="execution(* com.epoint.interview.service..*(..))"></aop:pointcut>
        <aop:advisor advice-ref="txAdvice" pointcut-ref="txPoint"/>
    </aop:config>
    <!--配置事务曾倩，事务如何切入-->
    <tx:advice id="txAdvice">
        <tx:attributes>
            <!--所有方法都是事务方法-->
            <tx:method name="*"/>
            <tx:method name="query*" read-only="true"/>
        </tx:attributes>
    </tx:advice>

</beans>