<?xml version="1.0" encoding="UTF-8"?>
<beans xmlns="http://www.springframework.org/schema/beans"
       xmlns:xsi="http://www.w3.org/2001/XMLSchema-instance"
       xmlns:context="http://www.springframework.org/schema/context"
       xmlns:mvc="http://www.springframework.org/schema/mvc"
       xsi:schemaLocation="http://www.springframework.org/schema/beans
                           http://www.springframework.org/schema/beans/spring-beans.xsd
                           http://www.springframework.org/schema/context
                           http://www.springframework.org/schema/context/spring-context.xsd
                           http://www.springframework.org/schema/mvc
                           http://www.springframework.org/schema/mvc/spring-mvc.xsd">

    <!--spring mvc 配置；包含网站跳转的逻辑 -->
    <context:component-scan
            base-package="com.epoint.interview" use-default-filters="false">
        <!--只扫描控制器 -->
        <context:include-filter type="annotation"
                                expression="org.springframework.stereotype.Controller"></context:include-filter>
    </context:component-scan>
    <!--配置视图解析器，方便返回 -->
    <bean
            class="org.springframework.web.servlet.view.InternalResourceViewResolver">
        <property name="prefix" value="/WEB-INF/views/"></property>
        <property name="suffix" value=".jsp"></property>
    </bean>
    <!--两个标准配置 -->
    <!--将springmvc不能处理的请求交给tomcat -->
    <mvc:default-servlet-handler />
    <!--能支持springmvc更高级的功能，JSR303校验 -->
    <!--<mvc:annotation-driven />-->

    <mvc:annotation-driven >
        <!-- 消息转换器 -->
        <mvc:message-converters register-defaults="true">
            <bean class="org.springframework.http.converter.StringHttpMessageConverter">
                <property name="supportedMediaTypes" value="text/plain;charset=UTF-8"/>
            </bean>
        </mvc:message-converters>
    </mvc:annotation-driven>



</beans>