<?xml version="1.0" encoding="UTF-8"?>
<!DOCTYPE mapper PUBLIC "-//mybatis.org//DTD Mapper 3.0//EN"
        "http://mybatis.org/dtd/mybatis-3-mapper.dtd">
<mapper namespace="com.epoint.interview.dao.EmployeeInfoDao">

    <!--根据员工姓名，投递岗位模糊查询-->
    <!--int pageIndex, int pageSize, String eName, Integer job-->
    <select id="queryEmployeeInfoByKeyWords" resultType="employeeInfo" parameterType="map">
        select * from employeeinfo
        <where>
            <if test="eName != null and eName!=''">
                ename like '%${eName}%'
            </if>
            <if test="job != null">
                and job = #{job}
            </if>
        </where>
        <if test="offset != null and pageSize != null">
            limit #{offset},#{pageSize}
        </if>
    </select>

    <!--查询数据表中满足查询条件的记录条数-->
    <select id="findLength" parameterType="map" resultType="int">
        select count(*) from employeeinfo
        <where>
            <if test="eName != null and eName!=''">
                ename like '%${eName}%'
            </if>
            <if test="job != null">
                and job = #{job}
            </if>
        </where>
    </select>

    <!--增加员工信息-->
    <insert id="addEmployeeInfo" parameterType="employeeInfo">
        insert into employeeinfo values(#{eId}, #{eName}, #{idNumber}, #{education}, #{school}, #{job}, #{salary}, #{interview});
    </insert>

    <!--根据员工编号查询员工信息-->
    <select id="queryEmployeeInfoByeId" parameterType="string" resultType="EmployeeInfo">
        select * from employeeinfo where eid = #{eId}
    </select>

    <!--根据编号更新员工信息-->
    <update id="updateEmployeeInfoByEid" parameterType="employeeInfo">
        update employeeinfo set ename = #{eName}, idnumber = #{idNumber}, education = #{education}, school = #{school}, job = #{job}, salary = #{salary}, interview = #{interview}
        where eid = #{eId}
    </update>

    <!--删除员工信息-->
    <delete id="deleteEmployeeInfo" parameterType="string">
        delete from employeeinfo where eid = #{eId}
    </delete>

    <!--校验身份证号码-->
    <select id="checkIdNumber" parameterType="String" resultType="boolean">
        <!--<![CDATA[ select count(*) from employeeinfo where idnumber = #{idNumber, jdbcType=VARCHAR}]]>-->
        select count(*) from employeeinfo where idnumber = #{idNumber}
    </select>

</mapper>