<?xml version="1.0" encoding="UTF-8"?>
<!DOCTYPE mapper PUBLIC "-//mybatis.org//DTD Mapper 3.0//EN"
        "http://mybatis.org/dtd/mybatis-3-mapper.dtd">
<mapper namespace="com.epoint.interview.dao.InterviewInfoDao">

    <select id="queryInterviewInfos" parameterType="map" resultType="interviewInfo">
        select * from interviewinfo
        <if test="sortField != null and sortOrder != null">
            order by ${sortField} ${sortOrder}
        </if>
        <if test="offset != null and pageSize != null">
            limit #{offset},#{pageSize}
        </if>
    </select>

    <!--增加面试信息-->
    <insert id="addInterviewInfo" parameterType="interviewInfo">
        insert into interviewinfo values(#{interviewId},#{eId}, #{interviewer}, #{interviewTime}, #{writeGrade}, #{interviewGrade}, #{totalGrade}, #{notes});
    </insert>

    <!--删除面试信息-->
    <delete id="deleteInterviewInfoById" parameterType="String">
        delete from interviewinfo where interviewid = #{interviewId}
    </delete>

    <!--级联删除面试信息-->
    <delete id="deleteInterviewInfoByeId" parameterType="String">
        delete from interviewinfo where eid = #{eId}
    </delete>

    <!--列表总长度-->
    <select id="findLength" resultType="int">
        select count(*) from interviewinfo
    </select>

    <!--系统生成的编号-->
    <select id="newInterviewId" resultType="string">
        select concat('EP',date_format(sysdate(),'%Y'),lpad(right(max(interviewid),4)+1,4,0)) from interviewinfo
    </select>

    <!--根据编号查询-->
    <select id="queryInterviewById" parameterType="String" resultType="InterviewInfo">
        select * from interviewinfo where interviewid = #{interviewid}
    </select>

    <!--查询面试的次数-->
    <select id="queryInterviewByEid" parameterType="String" resultType="InterviewInfo">
        select * from interviewinfo where eid = #{eId}
    </select>

    <!--查询面试官-->
    <select id="queryInterviewer" parameterType="string" resultType="string">
        select interviewer from interviewinfo where eid=#{eId}
    </select>

    <!--查询第一次的面试结果-->
    <select id="queryInterviewResult" parameterType="String" resultType="String">
        select interview from employeeinfo where eid = #{eId}
    </select>

</mapper>